{
  "geometric_validity": 0.102,
  "nn_min": 0.5492428180837127,
  "nn_mean": 1.555721431578349,
  "rg": 4.179550641923626
}